{lat: 42.3322267, lon:-71.0529719, value: 100},
{lat: 42.294, lon:-71.0463, value: 150},
{lat: 42.2806954, lon:-71.1206864, value: 150},
{lat: 42.279474, lon:-71.117766, value: 150},
{lat: 42.311225, lon:-71.062646, value: 175},
{lat: 42.3642002, lon:-71.0995153, value: 200},
{lat: 42.3718356, lon:-71.1134324, value: 300},
{lat: 42.382336, lon:-71.104004, value: 350},
{lat: 42.338959, lon:-71.083603, value: 400},
{lat: 42.3706612, lon:-71.0319396, value: 450},
{lat: 42.306629, lon:-71.102715, value: 450},
{lat: 42.3993906, lon:-71.1080398, value: 450},
{lat: 42.3208051, lon:-71.0567745, value: 450},
{lat: 42.2783302, lon:-71.1369931, value: 475},
{lat: 42.3350903, lon:-71.1113613, value: 475},
{lat: 42.4013636, lon:-70.9884149, value: 500},
{lat: 42.3956614, lon:-71.0995514, value: 500},
{lat: 42.3585952, lon:-71.1590999, value: 500},
{lat: 42.3891358, lon:-71.097168, value: 500},
{lat: 42.335975, lon:-71.118633, value: 500},
{lat: 42.31849, lon:-71.056726, value: 500},
{lat: 42.3560434, lon:-71.1313544, value: 500},
{lat: 42.341364, lon:-71.1468257, value: 500},
{lat: 42.349957, lon:-71.164733, value: 525},
{lat: 42.314234, lon:-71.099, value: 525},
{lat: 42.394117, lon:-71.1168097, value: 525},
{lat: 42.388777, lon:-71.0974232, value: 525},
{lat: 42.4225402, lon:-71.1060708, value: 550},
{lat: 42.3898156, lon:-71.0882652, value: 550},
{lat: 42.4024591, lon:-71.1314642, value: 550},
{lat: 42.3233595, lon:-71.1095672, value: 550},
{lat: 42.356333, lon:-71.156911, value: 550},
{lat: 42.3911382, lon:-71.1015122, value: 550},
{lat: 42.3299157, lon:-71.0918281, value: 550},
{lat: 42.3489544, lon:-71.1612986, value: 550},
{lat: 42.353344, lon:-71.133873, value: 550},
{lat: 42.3465183, lon:-71.0932595, value: 550},
{lat: 42.3687619, lon:-71.098168, value: 575},
{lat: 42.355153, lon:-71.145161, value: 575},
{lat: 42.353492, lon:-71.127742, value: 575},
{lat: 42.3540483, lon:-71.1363278, value: 575},
{lat: 42.35894, lon:-71.133113, value: 600},
{lat: 42.3446131, lon:-71.1445515, value: 600},
{lat: 42.3640007, lon:-71.101393, value: 600},
{lat: 42.3231, lon:-71.1636064, value: 600},
{lat: 42.3492044, lon:-71.1300279, value: 600},
{lat: 42.373859, lon:-71.097803, value: 600},
{lat: 42.361185, lon:-71.142816, value: 600},
{lat: 42.390617, lon:-71.0903493, value: 600},
{lat: 42.3910971, lon:-71.1006098, value: 600},
{lat: 42.3908583, lon:-71.1141654, value: 600},
{lat: 42.403456, lon:-71.12762, value: 600},
{lat: 42.313022, lon:-71.1010465, value: 600},
{lat: 42.30673, lon:-71.058638, value: 600},
{lat: 42.4070021, lon:-71.1248175, value: 600},
{lat: 42.367798, lon:-71.1616385, value: 600},
{lat: 42.33296, lon:-71.1013345, value: 600},
{lat: 42.3660607, lon:-71.0528115, value: 600},
{lat: 42.366329, lon:-71.115339, value: 600},
{lat: 42.3459399, lon:-71.1414431, value: 625},
{lat: 42.2602827, lon:-71.029112, value: 625},
{lat: 42.351371, lon:-71.154025, value: 625},
{lat: 42.3518479, lon:-71.1355361, value: 625},
{lat: 42.3463679, lon:-71.1621218, value: 650},
{lat: 42.4015145, lon:-71.1160139, value: 650},
{lat: 42.3727501, lon:-71.1097158, value: 650},
{lat: 42.3971928, lon:-71.1308877, value: 650},
{lat: 42.2734843, lon:-71.1294034, value: 650},
{lat: 42.3001675, lon:-71.108976, value: 650},
{lat: 42.33734, lon:-71.083983, value: 650},
{lat: 42.4070951, lon:-71.1382736, value: 650},
{lat: 42.379098, lon:-71.0941146, value: 650},
{lat: 42.3648193, lon:-71.1050523, value: 650},
{lat: 42.33446, lon:-71.12636, value: 650},
{lat: 42.3256746, lon:-71.122407, value: 650},
{lat: 42.385186, lon:-71.179849, value: 650},
{lat: 42.29167, lon:-71.060042, value: 650},
{lat: 42.3645187, lon:-71.1133173, value: 650},
{lat: 42.4175635, lon:-71.107507, value: 650},
{lat: 42.3593, lon:-71.1438, value: 650},
{lat: 42.3549152, lon:-71.1287778, value: 675},
{lat: 42.4308066, lon:-71.0676232, value: 675},
{lat: 42.3676988, lon:-71.0951783, value: 675},
{lat: 42.3316489, lon:-71.1174954, value: 675},
{lat: 42.4039441, lon:-71.1109412, value: 675},
{lat: 42.38913, lon:-71.1116686, value: 675},
{lat: 42.347588, lon:-71.13823, value: 675},
{lat: 42.2999411, lon:-71.1135539, value: 700},
{lat: 42.41334, lon:-71.1478978, value: 700},
{lat: 42.3075623, lon:-71.1638202, value: 700},
{lat: 42.404, lon:-71.1286593, value: 700},
{lat: 42.3437856, lon:-71.1678923, value: 700},
{lat: 42.311227, lon:-71.108787, value: 700},
{lat: 42.3992866, lon:-71.1025823, value: 700},
{lat: 42.284045, lon:-71.1543001, value: 700},
{lat: 42.3189218, lon:-71.1054128, value: 700},
{lat: 42.2856865, lon:-71.1289612, value: 700},
{lat: 42.3350903, lon:-71.1113613, value: 700},
{lat: 42.4089519, lon:-71.0949894, value: 700},
{lat: 42.3742316, lon:-71.1047258, value: 700},
{lat: 42.349252, lon:-71.093645, value: 700},
{lat: 42.403456, lon:-71.12762, value: 700},
{lat: 42.348916, lon:-71.160437, value: 700},
{lat: 42.3422, lon:-71.121, value: 700},
{lat: 42.397719, lon:-71.123504, value: 725},
{lat: 42.3311632, lon:-71.1074555, value: 725},
{lat: 42.3461052, lon:-71.1216714, value: 725},
{lat: 42.335687, lon:-71.0755779, value: 725},
{lat: 42.3318468, lon:-71.1083535, value: 750},
{lat: 42.3692603, lon:-71.040592, value: 750},
{lat: 42.394492, lon:-71.118261, value: 750},
{lat: 42.3357363, lon:-71.1137241, value: 750},
{lat: 42.320753, lon:-71.1106972, value: 750},
{lat: 42.39607, lon:-71.110167, value: 750},
{lat: 42.351154, lon:-71.1314434, value: 750},
{lat: 42.32618, lon:-71.1202126, value: 750},
{lat: 42.284334, lon:-71.152586, value: 750},
{lat: 42.3632024, lon:-71.0967097, value: 750},
{lat: 42.390992, lon:-71.119953, value: 750},
{lat: 42.3507461, lon:-71.1336441, value: 750},
{lat: 42.330074, lon:-71.0984941, value: 750},
{lat: 42.35307, lon:-71.133158, value: 750},
{lat: 42.398518, lon:-71.124159, value: 750},
{lat: 42.4126801, lon:-71.1490268, value: 750},
{lat: 42.3461186, lon:-71.1462614, value: 750},
{lat: 42.2825846, lon:-71.0556724, value: 750},
{lat: 42.379997, lon:-71.178628, value: 750},
{lat: 42.3686625, lon:-71.0929749, value: 775},
{lat: 42.308805, lon:-71.117999, value: 775},
{lat: 42.3443224, lon:-71.1250815, value: 775},
{lat: 42.354543, lon:-71.135079, value: 775},
{lat: 42.3684168, lon:-71.1764912, value: 775},
{lat: 42.379593, lon:-71.121155, value: 800},
{lat: 42.4265868, lon:-71.0810701, value: 800},
{lat: 42.38018, lon:-71.1086984, value: 800},
{lat: 42.386316, lon:-71.109323, value: 800},
{lat: 42.3454334, lon:-71.1271922, value: 800},
{lat: 42.371124, lon:-71.110808, value: 800},
{lat: 42.3318257, lon:-71.0971126, value: 800},
{lat: 42.4182789, lon:-71.0673779, value: 800},
{lat: 42.2928057, lon:-71.0506377, value: 800},
{lat: 42.3494446, lon:-71.1489208, value: 800},
{lat: 42.3324107, lon:-71.1056177, value: 800},
{lat: 42.36894, lon:-71.036197, value: 800},
{lat: 42.2600819, lon:-71.1583665, value: 800},
{lat: 42.3456105, lon:-71.0894537, value: 800},
{lat: 42.3311888, lon:-71.1058937, value: 825},
{lat: 42.4165907, lon:-71.129429, value: 825},
{lat: 42.388432, lon:-71.1106189, value: 825},
{lat: 42.3713492, lon:-71.1788868, value: 825},
{lat: 42.393852, lon:-71.1162031, value: 850},
{lat: 42.382436, lon:-71.103423, value: 850},
{lat: 42.3815734, lon:-71.1162375, value: 850},
{lat: 42.336247, lon:-71.05389, value: 850},
{lat: 42.3409567, lon:-71.0813559, value: 850},
{lat: 42.3526098, lon:-71.1283568, value: 850},
{lat: 42.292332, lon:-71.138509, value: 850},
{lat: 42.3373875, lon:-71.1739449, value: 875},
{lat: 42.4183, lon:-71.1359, value: 875},
{lat: 42.3372311, lon:-71.1753641, value: 875},
{lat: 42.3398808, lon:-71.1539732, value: 875},
{lat: 42.3429325, lon:-71.0883227, value: 875},
{lat: 42.3526098, lon:-71.1283568, value: 900},
{lat: 42.3695661, lon:-71.1118681, value: 900},
{lat: 42.32439, lon:-71.1146601, value: 900},
{lat: 42.341364, lon:-71.1468257, value: 900},
{lat: 42.319002, lon:-71.043949, value: 900},
{lat: 42.3392016, lon:-71.1211436, value: 900},
{lat: 42.3426342, lon:-71.0865825, value: 900},
{lat: 42.3979019, lon:-71.0970888, value: 900},
{lat: 42.3777306, lon:-71.1202359, value: 900},
{lat: 42.3670032, lon:-71.0978579, value: 925},
{lat: 42.416788, lon:-71.160409, value: 925},
{lat: 42.348438, lon:-71.137716, value: 950},
{lat: 42.3422309, lon:-71.1213705, value: 950},
{lat: 42.3380233, lon:-71.1127655, value: 950},
{lat: 42.3363511, lon:-71.1176538, value: 950},
{lat: 42.3430713, lon:-71.0997772, value: 950},
{lat: 42.349077, lon:-71.0681981, value: 950},
{lat: 42.3665366, lon:-71.0324964, value: 950},
{lat: 42.4204035, lon:-71.164029, value: 975},
{lat: 42.4172, lon:-71.1631, value: 975},
{lat: 42.35, lon:-71.1397, value: 975},
{lat: 42.424187, lon:-71.1796174, value: 975},
{lat: 42.412732, lon:-71.046404, value: 975},
{lat: 42.426347, lon:-71.00954, value: 975},
{lat: 42.3334672, lon:-71.1061636, value: 1000},
{lat: 42.3392235, lon:-71.0803687, value: 1000},
{lat: 42.399399, lon:-71.032188, value: 1000},
{lat: 42.314833, lon:-71.065858, value: 1000},
{lat: 42.3400075, lon:-71.0825003, value: 1000},
{lat: 42.3493957, lon:-71.1171695, value: 1000},
{lat: 42.3507705, lon:-71.1272586, value: 1000},
{lat: 42.340468, lon:-71.1205379, value: 1000},
{lat: 42.285763, lon:-71.0643201, value: 1000},
{lat: 42.2741, lon:-71.1395, value: 1000},
{lat: 42.3521, lon:-71.1216, value: 1000},
{lat: 42.3511, lon:-71.1273, value: 1000},
{lat: 42.3829969, lon:-71.1054452, value: 1000},
{lat: 42.280878, lon:-71.1341831, value: 1000},
{lat: 42.312794, lon:-71.083335, value: 1000},
{lat: 42.406227, lon:-71.040417, value: 1000},
{lat: 42.3478447, lon:-71.1070457, value: 1000},
{lat: 42.347588, lon:-71.13823, value: 1025},
{lat: 42.3486052, lon:-71.0693812, value: 1025},
{lat: 42.385687, lon:-71.0878363, value: 1025},
{lat: 42.366268, lon:-71.0527699, value: 1050},
{lat: 42.3448799, lon:-71.11088, value: 1050},
{lat: 42.340628, lon:-71.152623, value: 1050},
{lat: 42.42422, lon:-71.1812646, value: 1050},
{lat: 42.3520805, lon:-71.1249964, value: 1050},
{lat: 42.4053151, lon:-71.0785669, value: 1075},
{lat: 42.3524218, lon:-71.1277259, value: 1100},
{lat: 42.3908819, lon:-71.0989592, value: 1100},
{lat: 42.3401, lon:-71.1523, value: 1100},
{lat: 42.3407934, lon:-71.1268343, value: 1100},
{lat: 42.2989681, lon:-71.0750023, value: 1100},
{lat: 42.3324107, lon:-71.1056177, value: 1100},
{lat: 42.365049, lon:-71.068915, value: 1100},
{lat: 42.3996287, lon:-71.1011347, value: 1100},
{lat: 42.2830945, lon:-71.028964, value: 1100},
{lat: 42.27326, lon:-71.032115, value: 1100},
{lat: 42.3195, lon:-71.0777, value: 1100},
{lat: 42.286163, lon:-71.16763, value: 1100},
{lat: 42.405375, lon:-71.0298824, value: 1100},
{lat: 42.353588, lon:-71.1301596, value: 1125},
{lat: 42.3484291, lon:-71.0693398, value: 1125},
{lat: 42.3570566, lon:-71.1074777, value: 1150},
{lat: 42.3257, lon:-71.1119, value: 1150},
{lat: 42.3379297, lon:-71.1248016, value: 1150},
{lat: 42.3935352, lon:-71.0953061, value: 1150},
{lat: 42.3482581, lon:-71.1538747, value: 1150},
{lat: 42.3507, lon:-71.1612, value: 1175},
{lat: 42.3592885, lon:-71.0677114, value: 1175},
{lat: 42.3439, lon:-71.147, value: 1200},
{lat: 42.3428598, lon:-71.097015, value: 1200},
{lat: 42.3436972, lon:-71.0974152, value: 1200},
{lat: 42.3405958, lon:-71.0514742, value: 1200},
{lat: 42.3448732, lon:-71.0723733, value: 1200},
{lat: 42.3917179, lon:-71.1239433, value: 1200},
{lat: 42.3600502, lon:-71.0856199, value: 1200},
{lat: 42.2907156, lon:-71.123641, value: 1200},
{lat: 42.4041171, lon:-71.0482128, value: 1200},
{lat: 42.4222001, lon:-71.0935027, value: 1200},
{lat: 42.3789897, lon:-71.0626391, value: 1200},
{lat: 42.309585, lon:-71.050685, value: 1200},
{lat: 42.3677345, lon:-71.0352252, value: 1200},
{lat: 42.2764754, lon:-71.1391486, value: 1200},
{lat: 42.425535, lon:-71.10575, value: 1200},
{lat: 42.402332, lon:-71.040232, value: 1200},
{lat: 42.3402739, lon:-71.1511417, value: 1225},
{lat: 42.3366875, lon:-71.0690294, value: 1225},
{lat: 42.3491063, lon:-71.1534226, value: 1225},
{lat: 42.303634, lon:-71.1147003, value: 1225},
{lat: 42.343937, lon:-71.0899119, value: 1250},
{lat: 42.340447, lon:-71.1125549, value: 1250},
{lat: 42.3789762, lon:-71.1241774, value: 1250},
{lat: 42.3410828, lon:-71.0982814, value: 1250},
{lat: 42.370822, lon:-71.1138998, value: 1250},
{lat: 42.3461, lon:-71.0945, value: 1250},
{lat: 42.302733, lon:-71.167784, value: 1250},
{lat: 42.3324, lon:-71.096, value: 1250},
{lat: 42.378905, lon:-71.1483562, value: 1250},
{lat: 42.3507705, lon:-71.1272586, value: 1250},
{lat: 42.3655043, lon:-71.0566184, value: 1250},
{lat: 42.2763282, lon:-71.0972753, value: 1250},
{lat: 42.4232471, lon:-71.0673223, value: 1250},
{lat: 42.378905, lon:-71.1483562, value: 1250},
{lat: 42.399845, lon:-71.036608, value: 1250},
{lat: 42.3365408, lon:-71.0769248, value: 1275},
{lat: 42.346916, lon:-71.140587, value: 1275},
{lat: 42.3611625, lon:-71.0645095, value: 1275},
{lat: 42.3715054, lon:-71.1105813, value: 1275},
{lat: 42.3417003, lon:-71.0971049, value: 1275},
{lat: 42.337495, lon:-71.150658, value: 1275},
{lat: 42.3913273, lon:-71.0994094, value: 1275},
{lat: 42.4234, lon:-71.1069, value: 1275},
{lat: 42.35085, lon:-71.0894912, value: 1300},
{lat: 42.3462521, lon:-71.1068211, value: 1300},
{lat: 42.3678329, lon:-71.1076932, value: 1300},
{lat: 42.4023082, lon:-71.1429853, value: 1300},
{lat: 42.3603281, lon:-71.0663765, value: 1300},
{lat: 42.3426342, lon:-71.0865825, value: 1300},
{lat: 42.2989681, lon:-71.0750023, value: 1300},
{lat: 42.262804, lon:-71.154994, value: 1300},
{lat: 42.3372311, lon:-71.1753641, value: 1300},
{lat: 42.4013, lon:-71.0218, value: 1300},
{lat: 42.3401, lon:-71.1467, value: 1300},
{lat: 42.348185, lon:-71.149755, value: 1300},
{lat: 42.2624611, lon:-71.1557791, value: 1300},
{lat: 42.3411409, lon:-71.0508106, value: 1300},
{lat: 42.3775, lon:-71.0662, value: 1300},
{lat: 42.354, lon:-71.1324, value: 1300},
{lat: 42.407169, lon:-71.046753, value: 1300},
{lat: 42.3488, lon:-71.1355, value: 1300},
{lat: 42.408555, lon:-71.130553, value: 1300},
{lat: 42.263698, lon:-71.0177267, value: 1300},
{lat: 42.423644, lon:-71.0558549, value: 1300},
{lat: 42.3456, lon:-71.0895, value: 1325},
{lat: 42.3531805, lon:-71.1340576, value: 1325},
{lat: 42.3658305, lon:-71.0528636, value: 1350},
{lat: 42.348837, lon:-71.0928318, value: 1350},
{lat: 42.3410819, lon:-71.0893918, value: 1350},
{lat: 42.343465, lon:-71.0867734, value: 1350},
{lat: 42.3411, lon:-71.0874, value: 1350},
{lat: 42.3414, lon:-71.0892, value: 1350},
{lat: 42.3414, lon:-71.0892, value: 1350},
{lat: 42.3415, lon:-71.0888, value: 1350},
{lat: 42.3423, lon:-71.0904, value: 1350},
{lat: 42.3414, lon:-71.089, value: 1350},
{lat: 42.3436874, lon:-71.1427731, value: 1350},
{lat: 42.3402739, lon:-71.1511417, value: 1350},
{lat: 42.3860359, lon:-71.1050956, value: 1350},
{lat: 42.351154, lon:-71.1314434, value: 1350},
{lat: 42.3655, lon:-71.0559, value: 1350},
{lat: 42.361798, lon:-71.1350446, value: 1350},
{lat: 42.3828626, lon:-71.0957585, value: 1350},
{lat: 42.3705485, lon:-71.0355363, value: 1350},
{lat: 42.3435, lon:-71.1446, value: 1350},
{lat: 42.3539, lon:-71.1324, value: 1350},
{lat: 42.3970355, lon:-71.0961562, value: 1350},
{lat: 42.4212487, lon:-71.1322239, value: 1350},
{lat: 42.2875326, lon:-71.1521844, value: 1350},
{lat: 42.368984, lon:-71.1620132, value: 1350},
{lat: 42.38025, lon:-71.181088, value: 1350},
{lat: 42.3965144, lon:-71.1223426, value: 1375},
{lat: 42.3491461, lon:-71.0949788, value: 1375},
{lat: 42.3418073, lon:-71.1469686, value: 1375},
{lat: 42.3805078, lon:-71.1746135, value: 1375},
{lat: 42.3430107, lon:-71.0625158, value: 1375},
{lat: 42.387909, lon:-71.1019121, value: 1375},
{lat: 42.3577768, lon:-71.0702893, value: 1400},
{lat: 42.3377213, lon:-71.0998524, value: 1400},
{lat: 42.3424, lon:-71.0839, value: 1400},
{lat: 42.3440614, lon:-71.0908298, value: 1400},
{lat: 42.3318087, lon:-71.1144885, value: 1400},
{lat: 42.3764, lon:-71.0525, value: 1400},
{lat: 42.3884205, lon:-71.1034238, value: 1400},
{lat: 42.339715, lon:-71.1577802, value: 1400},
{lat: 42.3519, lon:-71.1341, value: 1400},
{lat: 42.346403, lon:-71.140845, value: 1400},
{lat: 42.4198293, lon:-71.1011374, value: 1400},
{lat: 42.3321, lon:-71.1064, value: 1400},
{lat: 42.2838762, lon:-71.0340267, value: 1400},
{lat: 42.3462331, lon:-71.1356277, value: 1400},
{lat: 42.3414, lon:-71.1474, value: 1400},
{lat: 42.3404401, lon:-71.1552505, value: 1400},
{lat: 42.349196, lon:-71.141413, value: 1400},
{lat: 42.395226, lon:-71.110216, value: 1400},
{lat: 42.3498, lon:-71.1405, value: 1400},
{lat: 42.414893, lon:-71.1383048, value: 1400},
{lat: 42.3121442, lon:-71.0471067, value: 1400},
{lat: 42.4205531, lon:-71.0051217, value: 1400},
{lat: 42.4169, lon:-71.0847, value: 1400},
{lat: 42.3908227, lon:-71.0940645, value: 1400},
{lat: 42.3581, lon:-71.133, value: 1400},
{lat: 42.3953135, lon:-71.1195942, value: 1425},
{lat: 42.3842767, lon:-71.1219186, value: 1425},
{lat: 42.3965743, lon:-71.1092853, value: 1425},
{lat: 42.3538423, lon:-71.0716665, value: 1450},
{lat: 42.3546509, lon:-71.0720748, value: 1450},
{lat: 42.367746, lon:-71.0540297, value: 1450},
{lat: 42.346916, lon:-71.140587, value: 1450},
{lat: 42.3318291, lon:-71.1127305, value: 1450},
{lat: 42.3917179, lon:-71.1239433, value: 1450},
{lat: 42.4023, lon:-71.1379, value: 1450},
{lat: 42.339765, lon:-71.153729, value: 1450},
{lat: 42.353719, lon:-71.1280363, value: 1450},
{lat: 42.423311, lon:-71.1773408, value: 1450},
{lat: 42.3645, lon:-71.128, value: 1450},
{lat: 42.377193, lon:-71.0971043, value: 1450},
{lat: 42.2724927, lon:-71.0161533, value: 1450},
{lat: 42.283726, lon:-71.156966, value: 1450},
{lat: 42.3535, lon:-71.1291, value: 1450},
{lat: 42.3386048, lon:-71.1314456, value: 1475},
{lat: 42.3663948, lon:-71.0514301, value: 1475},
{lat: 42.302733, lon:-71.167784, value: 1475},
{lat: 42.348185, lon:-71.149755, value: 1475},
{lat: 42.3492718, lon:-71.0887197, value: 1500},
{lat: 42.3593789, lon:-71.064369, value: 1500},
{lat: 42.3796574, lon:-71.1246744, value: 1500},
{lat: 42.3516576, lon:-71.0831527, value: 1500},
{lat: 42.4194, lon:-71.111, value: 1500},
{lat: 42.3505218, lon:-71.0825809, value: 1500},
{lat: 42.3844404, lon:-71.1091375, value: 1500},
{lat: 42.361118, lon:-71.0663728, value: 1500},
{lat: 42.3842479, lon:-71.1109763, value: 1500},
{lat: 42.4074799, lon:-71.1088924, value: 1500},
{lat: 42.262804, lon:-71.154994, value: 1500},
{lat: 42.3505, lon:-71.1717, value: 1500},
{lat: 42.400405, lon:-71.1256914, value: 1500},
{lat: 42.378839, lon:-71.1040626, value: 1500},
{lat: 42.3885, lon:-71.1788, value: 1500},
{lat: 42.3804124, lon:-71.1046117, value: 1500},
{lat: 42.3813442, lon:-71.0943673, value: 1500},
{lat: 42.4038882, lon:-71.1398815, value: 1500},
{lat: 42.4162476, lon:-71.1489333, value: 1500},
{lat: 42.3021, lon:-71.1673, value: 1500},
{lat: 42.3913, lon:-71.1798, value: 1500},
{lat: 42.3503426, lon:-71.1478701, value: 1500},
{lat: 42.3489, lon:-71.1407, value: 1500},
{lat: 42.3760709, lon:-71.0324837, value: 1500},
{lat: 42.3192, lon:-71.0553, value: 1500},
{lat: 42.3908227, lon:-71.0940645, value: 1500},
{lat: 42.3813431, lon:-71.0286015, value: 1500},
{lat: 42.2983571, lon:-71.15683, value: 1525},
{lat: 42.3674, lon:-71.0543, value: 1525},
{lat: 42.3371261, lon:-71.112962, value: 1525},
{lat: 42.362528, lon:-71.18265, value: 1525},
{lat: 42.316, lon:-71.0623, value: 1550},
{lat: 42.3500181, lon:-71.1320931, value: 1550},
{lat: 42.3514517, lon:-71.1299336, value: 1550},
{lat: 42.3829, lon:-71.1213, value: 1550},
{lat: 42.3431601, lon:-71.1180934, value: 1550},
{lat: 42.3735, lon:-71.1569, value: 1550},
{lat: 42.344146, lon:-71.140852, value: 1550},
{lat: 42.3582755, lon:-71.1749772, value: 1550},
{lat: 42.412, lon:-70.991, value: 1550},
{lat: 42.3999728, lon:-71.1339431, value: 1550},
{lat: 42.354206, lon:-71.126147, value: 1550},
{lat: 42.4041445, lon:-71.1148246, value: 1550},
{lat: 42.294666, lon:-71.066738, value: 1550},
{lat: 42.3861288, lon:-71.0108593, value: 1550},
{lat: 42.39646, lon:-71.130873, value: 1550},
{lat: 42.304129, lon:-71.166573, value: 1550},
{lat: 42.327318, lon:-71.1083357, value: 1550},
{lat: 42.27641, lon:-71.093591, value: 1550},
{lat: 42.288244, lon:-71.0836, value: 1550},
{lat: 42.3728, lon:-71.122, value: 1575},
{lat: 42.3307, lon:-71.0437, value: 1575},
{lat: 42.4047086, lon:-71.1296443, value: 1575},
{lat: 42.3371, lon:-71.1494, value: 1575},
{lat: 42.3799961, lon:-71.1198524, value: 1600},
{lat: 42.386621, lon:-71.0924468, value: 1600},
{lat: 42.343459, lon:-71.09576, value: 1600},
{lat: 42.3799961, lon:-71.1198524, value: 1600},
{lat: 42.344827, lon:-71.076502, value: 1600},
{lat: 42.3882, lon:-71.0486, value: 1600},
{lat: 42.34858, lon:-71.062941, value: 1600},
{lat: 42.2971179, lon:-71.1576099, value: 1600},
{lat: 42.3671419, lon:-71.0545164, value: 1600},
{lat: 42.3841669, lon:-71.1136362, value: 1600},
{lat: 42.3436874, lon:-71.1427731, value: 1600},
{lat: 42.348438, lon:-71.137716, value: 1600},
{lat: 42.3994, lon:-71.1352, value: 1600},
{lat: 42.3952457, lon:-71.1308423, value: 1600},
{lat: 42.385337, lon:-71.096452, value: 1600},
{lat: 42.3331891, lon:-71.1096016, value: 1600},
{lat: 42.3308, lon:-71.1044, value: 1600},
{lat: 42.2915673, lon:-71.1605991, value: 1600},
{lat: 42.350085, lon:-71.129839, value: 1600},
{lat: 42.417534, lon:-71.100137, value: 1600},
{lat: 42.396884, lon:-71.0872837, value: 1600},
{lat: 42.3215996, lon:-71.1120815, value: 1600},
{lat: 42.4281274, lon:-71.0693515, value: 1600},
{lat: 42.3485, lon:-71.1401, value: 1600},
{lat: 42.3495, lon:-71.1399, value: 1600},
{lat: 42.3522, lon:-71.1275, value: 1600},
{lat: 42.29475, lon:-71.076449, value: 1600},
{lat: 42.3588213, lon:-71.1413645, value: 1600},
{lat: 42.3359674, lon:-71.1205466, value: 1625},
{lat: 42.339899, lon:-71.148378, value: 1625},
{lat: 42.3720647, lon:-71.1079545, value: 1625},
{lat: 42.3319941, lon:-71.0533133, value: 1650},
{lat: 42.3645, lon:-71.0688, value: 1650},
{lat: 42.3638635, lon:-71.0566203, value: 1650},
{lat: 42.372203, lon:-71.1155885, value: 1650},
{lat: 42.3843241, lon:-71.1160864, value: 1650},
{lat: 42.3663, lon:-71.054, value: 1650},
{lat: 42.3428, lon:-71.097, value: 1650},
{lat: 42.351559, lon:-71.173838, value: 1650},
{lat: 42.340897, lon:-71.1503739, value: 1650},
{lat: 42.387, lon:-71.1093, value: 1650},
{lat: 42.344616, lon:-71.140325, value: 1650},
{lat: 42.375, lon:-71.1525, value: 1650},
{lat: 42.381601, lon:-71.0966975, value: 1650},
{lat: 42.391516, lon:-71.110863, value: 1650},
{lat: 42.4047839, lon:-71.1297325, value: 1650},
{lat: 42.3541199, lon:-71.1378479, value: 1650},
{lat: 42.3866, lon:-71.0134, value: 1650},
{lat: 42.3543, lon:-71.1292, value: 1650},
{lat: 42.3509199, lon:-71.1681526, value: 1650},
{lat: 42.4166072, lon:-71.1104605, value: 1650},
{lat: 42.3328177, lon:-71.0520466, value: 1650},
{lat: 42.31646, lon:-71.040646, value: 1675},
{lat: 42.3398527, lon:-71.1177355, value: 1675},
{lat: 42.337665, lon:-71.149839, value: 1675},
{lat: 42.3191, lon:-71.0395, value: 1675},
{lat: 42.331743, lon:-71.1139103, value: 1700},
{lat: 42.3463028, lon:-71.0892699, value: 1700},
{lat: 42.347317, lon:-71.075828, value: 1700},
{lat: 42.3417, lon:-71.0879, value: 1700},
{lat: 42.3428598, lon:-71.097015, value: 1700},
{lat: 42.338479, lon:-71.1290321, value: 1700},
{lat: 42.3382866, lon:-71.0766237, value: 1700},
{lat: 42.3668793, lon:-71.053886, value: 1700},
{lat: 42.3347214, lon:-71.0472644, value: 1700},
{lat: 42.343003, lon:-71.117477, value: 1700},
{lat: 42.3501592, lon:-71.1308953, value: 1700},
{lat: 42.4058187, lon:-71.0950307, value: 1700},
{lat: 42.3462331, lon:-71.1356277, value: 1700},
{lat: 42.371927, lon:-71.081331, value: 1700},
{lat: 42.3506636, lon:-71.1264455, value: 1700},
{lat: 42.339, lon:-71.149, value: 1700},
{lat: 42.391868, lon:-71.111638, value: 1700},
{lat: 42.3844903, lon:-71.1307899, value: 1700},
{lat: 42.4293079, lon:-71.0540252, value: 1700},
{lat: 42.3533708, lon:-71.1356442, value: 1700},
{lat: 42.3511, lon:-71.1645, value: 1700},
{lat: 42.3122013, lon:-71.062303, value: 1700},
{lat: 42.3521, lon:-71.1216, value: 1700},
{lat: 42.39897, lon:-71.1093857, value: 1700},
{lat: 42.315767, lon:-71.053603, value: 1700},
{lat: 42.3680412, lon:-71.1786892, value: 1700},
{lat: 42.3511, lon:-71.1652, value: 1700},
{lat: 42.2955005, lon:-71.072109, value: 1700},
{lat: 42.3956991, lon:-71.1205034, value: 1725},
{lat: 42.344787, lon:-71.080911, value: 1725},
{lat: 42.353588, lon:-71.1301596, value: 1725},
{lat: 42.413049, lon:-71.147187, value: 1725},
{lat: 42.3794714, lon:-71.0979936, value: 1750},
{lat: 42.3666, lon:-71.0532, value: 1750},
{lat: 42.361178, lon:-71.0636806, value: 1750},
{lat: 42.3599, lon:-71.0644, value: 1750},
{lat: 42.4054, lon:-71.0785, value: 1750},
{lat: 42.3431, lon:-71.0891, value: 1750},
{lat: 42.3431, lon:-71.0891, value: 1750},
{lat: 42.3405, lon:-71.0912, value: 1750},
{lat: 42.3342, lon:-71.1009, value: 1750},
{lat: 42.3787395, lon:-71.093094, value: 1750},
{lat: 42.3386332, lon:-71.1492504, value: 1750},
{lat: 42.348739, lon:-71.1341658, value: 1750},
{lat: 42.3547, lon:-71.1278, value: 1750},
{lat: 42.35926, lon:-71.1319296, value: 1750},
{lat: 42.3153977, lon:-71.0655517, value: 1750},
{lat: 42.3519383, lon:-71.1234129, value: 1775},
{lat: 42.3493, lon:-71.0836, value: 1775},
{lat: 42.327995, lon:-71.099368, value: 1775},
{lat: 42.3317, lon:-71.0971, value: 1775},
{lat: 42.4055, lon:-71.0938, value: 1775},
{lat: 42.3429823, lon:-71.0668233, value: 1800},
{lat: 42.3848214, lon:-71.1193332, value: 1800},
{lat: 42.3488549, lon:-71.0898392, value: 1800},
{lat: 42.3410819, lon:-71.0893918, value: 1800},
{lat: 42.3429898, lon:-71.0949657, value: 1800},
{lat: 42.3432529, lon:-71.161933, value: 1800},
{lat: 42.383942, lon:-71.077642, value: 1800},
{lat: 42.3432, lon:-71.0778, value: 1800},
{lat: 42.3664, lon:-71.1019, value: 1800},
{lat: 42.3781, lon:-71.1211, value: 1800},
{lat: 42.341, lon:-71.0875, value: 1800},
{lat: 42.3418073, lon:-71.1469686, value: 1800},
{lat: 42.3491, lon:-71.1316, value: 1800},
{lat: 42.358103, lon:-71.1072556, value: 1800},
{lat: 42.3457, lon:-71.1371, value: 1800},
{lat: 42.3573761, lon:-71.1080322, value: 1800},
{lat: 42.3468804, lon:-71.1386411, value: 1800},
{lat: 42.3851795, lon:-71.1161403, value: 1800},
{lat: 42.3505535, lon:-71.0600455, value: 1800},
{lat: 42.3779, lon:-71.099, value: 1800},
{lat: 42.3932895, lon:-71.1148912, value: 1800},
{lat: 42.3593, lon:-71.1438, value: 1800},
{lat: 42.3511, lon:-71.127, value: 1800},
{lat: 42.3511, lon:-71.127, value: 1800},
{lat: 42.3851443, lon:-71.0860656, value: 1800},
{lat: 42.4097389, lon:-71.1287276, value: 1800},
{lat: 42.3291, lon:-71.0978, value: 1800},
{lat: 42.3182469, lon:-71.1054124, value: 1800},
{lat: 42.3508, lon:-71.1604, value: 1800},
{lat: 42.3432268, lon:-71.1436296, value: 1800},
{lat: 42.315349, lon:-71.083304, value: 1800},
{lat: 42.3425432, lon:-71.1202391, value: 1825},
{lat: 42.3474, lon:-71.1177, value: 1825},
{lat: 42.3838314, lon:-71.1340881, value: 1825},
{lat: 42.3439376, lon:-71.1142721, value: 1850},
{lat: 42.3786, lon:-71.1222, value: 1850},
{lat: 42.3071759, lon:-71.1086768, value: 1850},
{lat: 42.3405, lon:-71.0912, value: 1850},
{lat: 42.3405, lon:-71.0912, value: 1850},
{lat: 42.3423, lon:-71.0904, value: 1850},
{lat: 42.3443488, lon:-71.094912, value: 1850},
{lat: 42.3054202, lon:-71.1147023, value: 1850},
{lat: 42.340058, lon:-71.159758, value: 1850},
{lat: 42.345553, lon:-71.15023, value: 1850},
{lat: 42.3937002, lon:-71.1362313, value: 1850},
{lat: 42.360127, lon:-71.1259684, value: 1850},
{lat: 42.3505, lon:-71.129, value: 1850},
{lat: 42.306629, lon:-71.102715, value: 1850},
{lat: 42.4195666, lon:-71.0863244, value: 1850},
{lat: 42.3846, lon:-71.078, value: 1875},
{lat: 42.339, lon:-71.0836, value: 1875},
{lat: 42.3853718, lon:-71.1193999, value: 1875},
{lat: 42.3626902, lon:-71.1047972, value: 1875},
{lat: 42.3342, lon:-71.1009, value: 1900},
{lat: 42.3515295, lon:-71.086985, value: 1900},
{lat: 42.358, lon:-71.0691, value: 1900},
{lat: 42.369823, lon:-71.1125687, value: 1900},
{lat: 42.4032, lon:-71.0807, value: 1900},
{lat: 42.3476, lon:-71.1037, value: 1900},
{lat: 42.3671283, lon:-71.0357041, value: 1900},
{lat: 42.340833, lon:-71.0912295, value: 1900},
{lat: 42.3359071, lon:-71.150737, value: 1900},
{lat: 42.405231, lon:-71.1303465, value: 1900},
{lat: 42.340447, lon:-71.1125549, value: 1900},
{lat: 42.3375964, lon:-71.0468473, value: 1900},
{lat: 42.3789704, lon:-71.1608756, value: 1900},
{lat: 42.3869053, lon:-71.1161498, value: 1900},
{lat: 42.303906, lon:-71.066165, value: 1900},
{lat: 42.3522, lon:-71.1611, value: 1900},
{lat: 42.3178, lon:-71.05905, value: 1900},
{lat: 42.3379739, lon:-71.1214784, value: 1925},
{lat: 42.3455, lon:-71.0843, value: 1925},
{lat: 42.343331, lon:-71.085797, value: 1925},
{lat: 42.35934, lon:-71.1437506, value: 1925},
{lat: 42.3723671, lon:-71.0846167, value: 1950},
{lat: 42.3794303, lon:-71.1257306, value: 1950},
{lat: 42.3419925, lon:-71.0753489, value: 1950},
{lat: 42.3414, lon:-71.089, value: 1950},
{lat: 42.3415, lon:-71.0888, value: 1950},
{lat: 42.3414, lon:-71.089, value: 1950},
{lat: 42.3414, lon:-71.0892, value: 1950},
{lat: 42.3426, lon:-71.0981, value: 1950},
{lat: 42.3603, lon:-71.0682, value: 1950},
{lat: 42.3586393, lon:-71.1102599, value: 1950},
{lat: 42.3307, lon:-71.0437, value: 1950},
{lat: 42.3356, lon:-71.0418, value: 1950},
{lat: 42.3485981, lon:-71.1393649, value: 1950},
{lat: 42.3917213, lon:-71.0359605, value: 1950},
{lat: 42.310762, lon:-71.068702, value: 1950},
{lat: 42.3601, lon:-71.0856, value: 1975},
{lat: 42.303247, lon:-71.167109, value: 1975},
{lat: 42.3497393, lon:-71.0645303, value: 2000},
{lat: 42.3661, lon:-71.0822, value: 2000},
{lat: 42.3691756, lon:-71.1042427, value: 2000},
{lat: 42.3432015, lon:-71.0828492, value: 2000},
{lat: 42.346111, lon:-71.072974, value: 2000},
{lat: 42.368894, lon:-71.0999539, value: 2000},
{lat: 42.3956817, lon:-71.1157193, value: 2000},
{lat: 42.3414, lon:-71.0892, value: 2000},
{lat: 42.3402498, lon:-71.1287097, value: 2000},
{lat: 42.3429, lon:-71.0902, value: 2000},
{lat: 42.352547, lon:-71.161985, value: 2000},
{lat: 42.3389373, lon:-71.1558473, value: 2000},
{lat: 42.348048, lon:-71.091589, value: 2000},
{lat: 42.367192, lon:-71.10666, value: 2000},
{lat: 42.3912247, lon:-71.1102078, value: 2000},
{lat: 42.3808, lon:-71.1541, value: 2000},
{lat: 42.3959912, lon:-71.1003065, value: 2000},
{lat: 42.35313, lon:-71.155337, value: 2000},
{lat: 42.405439, lon:-71.136602, value: 2000},
{lat: 42.413855, lon:-71.149162, value: 2000},
{lat: 42.3271, lon:-71.1253, value: 2000},
{lat: 42.350506, lon:-71.136047, value: 2000},
{lat: 42.3192801, lon:-71.1819855, value: 2000},
{lat: 42.3841969, lon:-71.078409, value: 2025},
{lat: 42.3852, lon:-71.0778, value: 2025},
{lat: 42.3407758, lon:-71.0937187, value: 2025},
{lat: 42.3441, lon:-71.0862, value: 2050},
{lat: 42.3473, lon:-71.1168, value: 2050},
{lat: 42.3502, lon:-71.1077, value: 2050},
{lat: 42.332879, lon:-71.10941, value: 2050},
{lat: 42.3536, lon:-71.1292, value: 2050},
{lat: 42.3455, lon:-71.0843, value: 2075},
{lat: 42.343123, lon:-71.064837, value: 2100},
{lat: 42.3762989, lon:-71.1409367, value: 2100},
{lat: 42.3784339, lon:-71.1238254, value: 2100},
{lat: 42.3806924, lon:-71.1412774, value: 2100},
{lat: 42.343937, lon:-71.0899119, value: 2100},
{lat: 42.3733975, lon:-71.0981125, value: 2100},
{lat: 42.3546379, lon:-71.1805687, value: 2100},
{lat: 42.3670991, lon:-71.0954147, value: 2100},
{lat: 42.3605, lon:-71.1314, value: 2100},
{lat: 42.3734752, lon:-71.1005247, value: 2100},
{lat: 42.3663546, lon:-71.0547251, value: 2100},
{lat: 42.3356, lon:-71.0841, value: 2100},
{lat: 42.3423, lon:-71.0904, value: 2100},
{lat: 42.3473, lon:-71.1072, value: 2100},
{lat: 42.352874, lon:-71.129228, value: 2100},
{lat: 42.3670991, lon:-71.0954147, value: 2100},
{lat: 42.3503426, lon:-71.1478701, value: 2100},
{lat: 42.33734, lon:-71.083983, value: 2100},
{lat: 42.3593263, lon:-71.1369703, value: 2100},
{lat: 42.3372311, lon:-71.1753641, value: 2100},
{lat: 42.282989, lon:-71.127823, value: 2100},
{lat: 42.3537, lon:-71.1499, value: 2100},
{lat: 42.3527, lon:-71.1391, value: 2100},
{lat: 42.3867, lon:-71.1298, value: 2125},
{lat: 42.3536326, lon:-71.1372616, value: 2125},
{lat: 42.3366875, lon:-71.0690294, value: 2150},
{lat: 42.3645, lon:-71.0688, value: 2150},
{lat: 42.396045, lon:-71.116629, value: 2150},
{lat: 42.3502, lon:-71.1411, value: 2150},
{lat: 42.3649, lon:-71.0832, value: 2175},
{lat: 42.3626, lon:-71.052, value: 2175},
{lat: 42.3418861, lon:-71.1423761, value: 2175},
{lat: 42.3524473, lon:-71.0835338, value: 2200},
{lat: 42.3620086, lon:-71.0525783, value: 2200},
{lat: 42.3675, lon:-71.0534, value: 2200},
{lat: 42.3516992, lon:-71.0781357, value: 2200},
{lat: 42.3376, lon:-71.0723, value: 2200},
{lat: 42.348667, lon:-71.13117, value: 2200},
{lat: 42.343222, lon:-71.086936, value: 2200},
{lat: 42.33296, lon:-71.1013345, value: 2200},
{lat: 42.3651663, lon:-71.0932918, value: 2200},
{lat: 42.3653084, lon:-71.0530473, value: 2200},
{lat: 42.34148, lon:-71.12442, value: 2200},
{lat: 42.367, lon:-71.0546, value: 2200},
{lat: 42.362255, lon:-71.1135585, value: 2200},
{lat: 42.3998474, lon:-71.1252367, value: 2200},
{lat: 42.3491439, lon:-71.1330307, value: 2200},
{lat: 42.3359071, lon:-71.150737, value: 2200},
{lat: 42.3415187, lon:-71.1457882, value: 2200},
{lat: 42.34089, lon:-71.159276, value: 2200},
{lat: 42.288615, lon:-71.1258153, value: 2200},
{lat: 42.3445053, lon:-71.1533832, value: 2200},
{lat: 42.2624611, lon:-71.1557791, value: 2200},
{lat: 42.3492767, lon:-71.137198, value: 2200},
{lat: 42.350666, lon:-71.132518, value: 2200},
{lat: 42.4077835, lon:-71.0621656, value: 2200},
{lat: 42.3865, lon:-71.1303, value: 2225},
{lat: 42.3504, lon:-71.081, value: 2250},
{lat: 42.394891, lon:-71.1185983, value: 2250},
{lat: 42.3492044, lon:-71.1300279, value: 2250},
{lat: 42.3603, lon:-71.0664, value: 2250},
{lat: 42.3759082, lon:-71.0587345, value: 2250},
{lat: 42.3504, lon:-71.0889, value: 2250},
{lat: 42.340897, lon:-71.1503739, value: 2250},
{lat: 42.3445336, lon:-71.1694762, value: 2250},
{lat: 42.3362545, lon:-71.1485424, value: 2250},
{lat: 42.3317674, lon:-71.1044, value: 2250},
{lat: 42.3593, lon:-71.1438, value: 2250},
{lat: 42.3519574, lon:-71.1331571, value: 2250},
{lat: 42.3435805, lon:-71.1260748, value: 2275},
{lat: 42.3473, lon:-71.1168, value: 2275},
{lat: 42.366, lon:-71.0528, value: 2275},
{lat: 42.3538, lon:-71.0534, value: 2300},
{lat: 42.3499426, lon:-71.0928509, value: 2300},
{lat: 42.3602702, lon:-71.0700311, value: 2300},
{lat: 42.3405146, lon:-71.12779, value: 2300},
{lat: 42.3405216, lon:-71.0780693, value: 2300},
{lat: 42.3441, lon:-71.0862, value: 2300},
{lat: 42.3844527, lon:-71.1213814, value: 2300},
{lat: 42.3413985, lon:-71.086452, value: 2300},
{lat: 42.3369809, lon:-71.0763467, value: 2300},
{lat: 42.394891, lon:-71.1185983, value: 2300},
{lat: 42.3602946, lon:-71.0686977, value: 2300},
{lat: 42.3632728, lon:-71.1105389, value: 2300},
{lat: 42.3371, lon:-71.0867, value: 2300},
{lat: 42.3563183, lon:-71.1812233, value: 2300},
{lat: 42.3411, lon:-71.0874, value: 2300},
{lat: 42.3545, lon:-71.129, value: 2300},
{lat: 42.3928404, lon:-71.1202632, value: 2300},
{lat: 42.3838314, lon:-71.1340881, value: 2300},
{lat: 42.34542, lon:-71.162892, value: 2300},
{lat: 42.3430713, lon:-71.0997772, value: 2300},
{lat: 42.3522, lon:-71.1275, value: 2300},
{lat: 42.3613134, lon:-71.1313836, value: 2300},
{lat: 42.351833, lon:-71.170864, value: 2300},
{lat: 42.3662019, lon:-71.086068, value: 2325},
{lat: 42.3609, lon:-71.1022, value: 2325},
{lat: 42.3867, lon:-71.1298, value: 2325},
{lat: 42.3846, lon:-71.078, value: 2350},
{lat: 42.3723671, lon:-71.0846167, value: 2350},
{lat: 42.3442736, lon:-71.0710535, value: 2350},
{lat: 42.4043365, lon:-71.1291398, value: 2350},
{lat: 42.3413871, lon:-71.1236336, value: 2350},
{lat: 42.3608, lon:-71.066, value: 2350},
{lat: 42.333195, lon:-71.1187644, value: 2350},
{lat: 42.3447311, lon:-71.1419341, value: 2350},
{lat: 42.352208, lon:-71.164329, value: 2350},
{lat: 42.3441, lon:-71.0862, value: 2375},
{lat: 42.3473, lon:-71.1168, value: 2375},
{lat: 42.340897, lon:-71.1503739, value: 2375},
{lat: 42.3486512, lon:-71.0717891, value: 2400},
{lat: 42.3672731, lon:-71.0987396, value: 2400},
{lat: 42.3745, lon:-71.0614, value: 2400},
{lat: 42.3846591, lon:-71.1204175, value: 2400},
{lat: 42.3675134, lon:-71.0712482, value: 2400},
{lat: 42.3661, lon:-71.0822, value: 2400},
{lat: 42.3583869, lon:-71.1118757, value: 2400},
{lat: 42.4012865, lon:-71.1169191, value: 2400},
{lat: 42.348837, lon:-71.0928318, value: 2400},
{lat: 42.3984318, lon:-71.1315463, value: 2400},
{lat: 42.3433872, lon:-71.1232944, value: 2400},
{lat: 42.3425432, lon:-71.1202391, value: 2400},
{lat: 42.397654, lon:-71.161448, value: 2400},
{lat: 42.3399, lon:-71.1309, value: 2400},
{lat: 42.3608, lon:-71.067, value: 2400},
{lat: 42.4263995, lon:-71.1798774, value: 2400},
{lat: 42.3632728, lon:-71.1105389, value: 2400},
{lat: 42.3318468, lon:-71.1083535, value: 2400},
{lat: 42.3856145, lon:-71.1347472, value: 2400},
{lat: 42.4012865, lon:-71.1169191, value: 2400},
{lat: 42.3989095, lon:-71.1175704, value: 2400},
{lat: 42.3802849, lon:-71.1273079, value: 2400},
{lat: 42.327, lon:-71.1457, value: 2400},
{lat: 42.404846, lon:-71.1410873, value: 2400},
{lat: 42.385291, lon:-71.114649, value: 2400},
{lat: 42.3314, lon:-71.1044, value: 2400},
{lat: 42.3491, lon:-71.1568, value: 2400},
{lat: 42.345413, lon:-71.14556, value: 2400},
{lat: 42.3415243, lon:-71.1589336, value: 2400},
{lat: 42.355966, lon:-71.162441, value: 2400},
{lat: 42.346096, lon:-71.152446, value: 2400},
{lat: 42.3489236, lon:-71.1506687, value: 2400},
{lat: 42.340308, lon:-71.1424393, value: 2425},
{lat: 42.3399279, lon:-71.1338994, value: 2450},
{lat: 42.3454124, lon:-71.0895249, value: 2450},
{lat: 42.3597, lon:-71.065, value: 2450},
{lat: 42.3426754, lon:-71.0791583, value: 2450},
{lat: 42.4029, lon:-71.0809, value: 2450},
{lat: 42.3862007, lon:-71.1161524, value: 2450},
{lat: 42.353, lon:-71.1689, value: 2450},
{lat: 42.367368, lon:-71.1024002, value: 2475},
{lat: 42.3552, lon:-71.0689, value: 2500},
{lat: 42.3980161, lon:-71.1272135, value: 2500},
{lat: 42.3423, lon:-71.0561, value: 2500},
{lat: 42.3431381, lon:-71.1171986, value: 2500},
{lat: 42.3663562, lon:-71.1082651, value: 2500},
{lat: 42.371, lon:-71.0762, value: 2500},
{lat: 42.3777306, lon:-71.1202359, value: 2500},
{lat: 42.368894, lon:-71.0999539, value: 2500},
{lat: 42.3883381, lon:-71.1254182, value: 2500},
{lat: 42.3352432, lon:-71.0523131, value: 2500},
{lat: 42.3727501, lon:-71.1097158, value: 2500},
{lat: 42.393925, lon:-71.142483, value: 2500},
{lat: 42.3806, lon:-71.1536, value: 2500},
{lat: 42.3431, lon:-71.0891, value: 2500},
{lat: 42.3367, lon:-71.0861, value: 2500},
{lat: 42.3469, lon:-71.1347, value: 2500},
{lat: 42.3611079, lon:-71.104078, value: 2500},
{lat: 42.346952, lon:-71.104128, value: 2500},
{lat: 42.4095627, lon:-71.0798749, value: 2500},
{lat: 42.343342, lon:-71.1025706, value: 2500},
{lat: 42.364157, lon:-71.103166, value: 2500},
{lat: 42.3542955, lon:-71.1247389, value: 2500},
{lat: 42.3733, lon:-71.039, value: 2500},
{lat: 42.3719282, lon:-71.0868792, value: 2500},
{lat: 42.3857919, lon:-71.0064325, value: 2500},
{lat: 42.412987, lon:-71.120836, value: 2500},
{lat: 42.3777, lon:-71.0499, value: 2525},
{lat: 42.3661, lon:-71.0822, value: 2525},
{lat: 42.3791, lon:-71.0638, value: 2550},
{lat: 42.3441, lon:-71.0862, value: 2550},
{lat: 42.3378086, lon:-71.0493004, value: 2550},
{lat: 42.3601, lon:-71.0856, value: 2550},
{lat: 42.3503, lon:-71.1411, value: 2550},
{lat: 42.3418861, lon:-71.1423761, value: 2550},
{lat: 42.3808, lon:-71.1541, value: 2575},
{lat: 42.3364, lon:-71.0781, value: 2600},
{lat: 42.3538, lon:-71.0534, value: 2600},
{lat: 42.3649, lon:-71.0832, value: 2600},
{lat: 42.3848214, lon:-71.1193332, value: 2600},
{lat: 42.3593789, lon:-71.064369, value: 2600},
{lat: 42.3953135, lon:-71.1195942, value: 2600},
{lat: 42.3336, lon:-71.0735, value: 2600},
{lat: 42.3758, lon:-71.0547, value: 2600},
{lat: 42.381415, lon:-71.1358113, value: 2600},
{lat: 42.3805, lon:-71.136, value: 2600},
{lat: 42.331376, lon:-71.0414029, value: 2600},
{lat: 42.3372162, lon:-71.1334094, value: 2600},
{lat: 42.4034075, lon:-71.1213494, value: 2600},
{lat: 42.3331891, lon:-71.1096016, value: 2600},
{lat: 42.326358, lon:-71.1425682, value: 2600},
{lat: 42.4033846, lon:-71.1242102, value: 2600},
{lat: 42.4024376, lon:-71.1144483, value: 2600},
{lat: 42.3406, lon:-71.1437, value: 2600},
{lat: 42.4036, lon:-71.1436, value: 2600},
{lat: 42.3441, lon:-71.0862, value: 2625},
{lat: 42.3412, lon:-71.1111, value: 2650},
{lat: 42.3465658, lon:-71.0904113, value: 2650},
{lat: 42.3366875, lon:-71.0690294, value: 2650},
{lat: 42.3645, lon:-71.0688, value: 2650},
{lat: 42.3800429, lon:-71.1524557, value: 2650},
{lat: 42.3356, lon:-71.0418, value: 2650},
{lat: 42.3522, lon:-71.1333, value: 2650},
{lat: 42.36, lon:-71.1012, value: 2675},
{lat: 42.3483, lon:-71.0805, value: 2700},
{lat: 42.3588479, lon:-71.0571242, value: 2700},
{lat: 42.3426391, lon:-71.0903123, value: 2700},
{lat: 42.3749336, lon:-71.1397194, value: 2700},
{lat: 42.394874, lon:-71.124794, value: 2700},
{lat: 42.3316173, lon:-71.1177173, value: 2700},
{lat: 42.3221, lon:-71.061, value: 2700},
{lat: 42.3701, lon:-71.0713, value: 2700},
{lat: 42.33902, lon:-71.13599, value: 2700},
{lat: 42.334, lon:-71.0312, value: 2700},
{lat: 42.2849, lon:-71.1278, value: 2700},
{lat: 42.3933468, lon:-71.1115715, value: 2700},
{lat: 42.3408872, lon:-71.1448566, value: 2700},
{lat: 42.3363, lon:-71.1182, value: 2700},
{lat: 42.3903, lon:-71.1213, value: 2725},
{lat: 42.3772, lon:-71.0503, value: 2725},
{lat: 42.3518, lon:-71.0627, value: 2750},
{lat: 42.3851, lon:-71.1271, value: 2750},
{lat: 42.3491923, lon:-71.0901899, value: 2750},
{lat: 42.3506478, lon:-71.1289467, value: 2750},
{lat: 42.3556, lon:-71.1313, value: 2750},
{lat: 42.3478, lon:-71.0378, value: 2775},
{lat: 42.3455894, lon:-71.0942894, value: 2800},
{lat: 42.3637, lon:-71.0834, value: 2800},
{lat: 42.3340838, lon:-71.1048109, value: 2800},
{lat: 42.3444998, lon:-71.1294218, value: 2800},
{lat: 42.339, lon:-71.0836, value: 2800},
{lat: 42.341, lon:-71.0875, value: 2800},
{lat: 42.3846, lon:-71.078, value: 2800},
{lat: 42.3415, lon:-71.0888, value: 2800},
{lat: 42.3651663, lon:-71.0932918, value: 2800},
{lat: 42.3648, lon:-71.056, value: 2800},
{lat: 42.3357394, lon:-71.0292363, value: 2800},
{lat: 42.3328307, lon:-71.1187761, value: 2800},
{lat: 42.3495933, lon:-71.1320364, value: 2800},
{lat: 42.3516, lon:-71.123, value: 2800},
{lat: 42.352445, lon:-71.170293, value: 2800},
{lat: 42.337174, lon:-71.1489574, value: 2800},
{lat: 42.386052, lon:-71.109945, value: 2800},
{lat: 42.3484554, lon:-71.1352989, value: 2800},
{lat: 42.3422, lon:-71.15, value: 2800},
{lat: 42.3412, lon:-71.1428, value: 2800},
{lat: 42.3876428, lon:-71.083338, value: 2800},
{lat: 42.3523136, lon:-71.0635362, value: 2825},
{lat: 42.3661, lon:-71.0822, value: 2825},
{lat: 42.36487, lon:-71.083174, value: 2850},
{lat: 42.3388838, lon:-71.1275515, value: 2850},
{lat: 42.341, lon:-71.0875, value: 2850},
{lat: 42.3437188, lon:-71.1211641, value: 2850},
{lat: 42.3773, lon:-71.1017, value: 2850},
{lat: 42.3628684, lon:-71.10244, value: 2875},
{lat: 42.386569, lon:-71.1192712, value: 2875},
{lat: 42.3506572, lon:-71.0574456, value: 2900},
{lat: 42.364, lon:-71.0836, value: 2900},
{lat: 42.3636421, lon:-71.0546574, value: 2900},
{lat: 42.3492941, lon:-71.0769113, value: 2900},
{lat: 42.3551288, lon:-71.0619078, value: 2900},
{lat: 42.3431052, lon:-71.0995947, value: 2900},
{lat: 42.388353, lon:-71.119159, value: 2900},
{lat: 42.3981, lon:-71.1266, value: 2900},
{lat: 42.353046, lon:-71.14781, value: 2900},
{lat: 42.353443, lon:-71.1322275, value: 2900},
{lat: 42.3442, lon:-71.1014, value: 2925},
{lat: 42.3442, lon:-71.1014, value: 2950},
{lat: 42.299174, lon:-71.03087, value: 2950},
{lat: 42.3603102, lon:-71.0677999, value: 2950},
{lat: 42.368195, lon:-71.098201, value: 2975},
{lat: 42.3710153, lon:-71.079861, value: 3000},
{lat: 42.3488, lon:-71.074, value: 3000},
{lat: 42.346683, lon:-71.103129, value: 3000},
{lat: 42.365, lon:-71.0555, value: 3000},
{lat: 42.3688548, lon:-71.0722795, value: 3000},
{lat: 42.320753, lon:-71.1106972, value: 3000},
{lat: 42.3615, lon:-71.054, value: 3000},
{lat: 42.3431381, lon:-71.1171986, value: 3000},
{lat: 42.3484011, lon:-71.1242486, value: 3000},
{lat: 42.396045, lon:-71.116629, value: 3000},
{lat: 42.3364831, lon:-71.0508471, value: 3000},
{lat: 42.3436655, lon:-71.1152626, value: 3000},
{lat: 42.3103, lon:-71.0854, value: 3000},
{lat: 42.267641, lon:-71.0406, value: 3000},
{lat: 42.3902042, lon:-71.1079573, value: 3000},
{lat: 42.3700755, lon:-71.1029309, value: 3000},
{lat: 42.3722874, lon:-71.0897695, value: 3000},
{lat: 42.3426271, lon:-71.1538291, value: 3000},
{lat: 42.3305, lon:-71.1012, value: 3000},
{lat: 42.4117501, lon:-71.1131364, value: 3000},
{lat: 42.3526098, lon:-71.1283568, value: 3000},
{lat: 42.3556, lon:-71.1313, value: 3000},
{lat: 42.353443, lon:-71.1322275, value: 3050},
{lat: 42.3507, lon:-71.0801, value: 3100},
{lat: 42.378, lon:-71.1486, value: 3100},
{lat: 42.3437519, lon:-71.0821976, value: 3100},
{lat: 42.3367, lon:-71.0853, value: 3100},
{lat: 42.4102213, lon:-71.0845642, value: 3100},
{lat: 42.331942, lon:-71.1065116, value: 3100},
{lat: 42.3361, lon:-71.0729, value: 3125},
{lat: 42.347456, lon:-71.1183108, value: 3150},
{lat: 42.3442, lon:-71.1014, value: 3175},
{lat: 42.352647, lon:-71.07359, value: 3200},
{lat: 42.3763485, lon:-71.1054145, value: 3200},
{lat: 42.3567, lon:-71.0671, value: 3200},
{lat: 42.3374665, lon:-71.0756423, value: 3200},
{lat: 42.3583, lon:-71.0578, value: 3200},
{lat: 42.3772, lon:-71.0503, value: 3200},
{lat: 42.380855, lon:-71.1163993, value: 3200},
{lat: 42.3456018, lon:-71.116793, value: 3200},
{lat: 42.3469, lon:-71.1347, value: 3200},
{lat: 42.3467, lon:-71.1546, value: 3200},
{lat: 42.3372162, lon:-71.1334094, value: 3200},
{lat: 42.3468804, lon:-71.1386411, value: 3200},
{lat: 42.3316489, lon:-71.1174954, value: 3200},
{lat: 42.3492044, lon:-71.1300279, value: 3200},
{lat: 42.348438, lon:-71.137716, value: 3200},
{lat: 42.348472, lon:-71.131582, value: 3200},
{lat: 42.3417, lon:-71.1103, value: 3225},
{lat: 42.3439, lon:-71.0991, value: 3225},
{lat: 42.363744, lon:-71.083378, value: 3250},
{lat: 42.3391, lon:-71.07, value: 3250},
{lat: 42.3952733, lon:-71.1195026, value: 3250},
{lat: 42.3439, lon:-71.066, value: 3250},
{lat: 42.3298462, lon:-71.1005091, value: 3250},
{lat: 42.3323, lon:-71.0996, value: 3250},
{lat: 42.3439, lon:-71.0991, value: 3275},
{lat: 42.3322682, lon:-71.0993193, value: 3275},
{lat: 42.3841969, lon:-71.078409, value: 3300},
{lat: 42.3452, lon:-71.0818, value: 3300},
{lat: 42.3661, lon:-71.0822, value: 3300},
{lat: 42.3420086, lon:-71.087324, value: 3300},
{lat: 42.372147, lon:-71.0829756, value: 3300},
{lat: 42.3318257, lon:-71.0971126, value: 3300},
{lat: 42.3297, lon:-71.098022, value: 3300},
{lat: 42.413522, lon:-71.1204796, value: 3300},
{lat: 42.3547836, lon:-71.130517, value: 3300},
{lat: 42.3469, lon:-71.1311, value: 3300},
{lat: 42.36, lon:-71.1012, value: 3325},
{lat: 42.3474, lon:-71.1177, value: 3325},
{lat: 42.3483, lon:-71.0805, value: 3375},
{lat: 42.3841969, lon:-71.078409, value: 3375},
{lat: 42.2829, lon:-71.037, value: 3400},
{lat: 42.3695, lon:-71.0717, value: 3400},
{lat: 42.3503, lon:-71.0822, value: 3400},
{lat: 42.3595461, lon:-71.0677306, value: 3400},
{lat: 42.3967499, lon:-71.1198415, value: 3400},
{lat: 42.3667, lon:-71.1102, value: 3400},
{lat: 42.3545, lon:-71.129, value: 3400},
{lat: 42.349518, lon:-71.134689, value: 3400},
{lat: 42.4147197, lon:-71.1266216, value: 3400},
{lat: 42.347317, lon:-71.075828, value: 3450},
{lat: 42.3978931, lon:-71.1266319, value: 3500},
{lat: 42.3574265, lon:-71.0526145, value: 3500},
{lat: 42.3529276, lon:-71.0787105, value: 3500},
{lat: 42.3670669, lon:-71.0565001, value: 3500},
{lat: 42.393506, lon:-71.105689, value: 3500},
{lat: 42.3556442, lon:-71.0629026, value: 3500},
{lat: 42.3456, lon:-71.0876, value: 3500},
{lat: 42.346053, lon:-71.1324446, value: 3500},
{lat: 42.3321, lon:-71.1, value: 3500},
{lat: 42.3407934, lon:-71.1268343, value: 3500},
{lat: 42.342671, lon:-71.165325, value: 3500},
{lat: 42.3306, lon:-71.1014, value: 3500},
{lat: 42.3626974, lon:-71.0843133, value: 3600},
{lat: 42.3454002, lon:-71.0818072, value: 3600},
{lat: 42.339, lon:-71.0836, value: 3600},
{lat: 42.3383, lon:-71.0847, value: 3600},
{lat: 42.3822195, lon:-71.1751066, value: 3600},
{lat: 42.3501, lon:-71.1357, value: 3600},
{lat: 42.3605, lon:-71.1309, value: 3600},
{lat: 42.3439, lon:-71.0991, value: 3650},
{lat: 42.3772, lon:-71.0503, value: 3675},
{lat: 42.3548058, lon:-71.0748013, value: 3700},
{lat: 42.3660607, lon:-71.0528115, value: 3700},
{lat: 42.348438, lon:-71.137716, value: 3700},
{lat: 42.36487, lon:-71.083174, value: 3750},
{lat: 42.349041, lon:-71.163093, value: 3750},
{lat: 42.3436, lon:-71.0981, value: 3775},
{lat: 42.3448843, lon:-71.1009837, value: 3800},
{lat: 42.3536611, lon:-71.0536413, value: 3800},
{lat: 42.3412, lon:-71.111, value: 3800},
{lat: 42.345361, lon:-71.075842, value: 3800},
{lat: 42.3990352, lon:-71.1245721, value: 3800},
{lat: 42.3420086, lon:-71.087324, value: 3800},
{lat: 42.350308, lon:-71.133251, value: 3800},
{lat: 42.3478, lon:-71.0378, value: 3825},
{lat: 42.377241, lon:-71.103478, value: 3850},
{lat: 42.3733056, lon:-71.1172785, value: 3900},
{lat: 42.374062, lon:-71.1034262, value: 3900},
{lat: 42.372202, lon:-71.081829, value: 3900},
{lat: 42.3655528, lon:-71.0612325, value: 3925},
{lat: 42.344246, lon:-71.1224427, value: 3950},
{lat: 42.3382459, lon:-71.0293213, value: 4000},
{lat: 42.3860471, lon:-71.1333561, value: 4000},
{lat: 42.3360578, lon:-71.1293656, value: 4000},
{lat: 42.392783, lon:-71.115142, value: 4000},
{lat: 42.351154, lon:-71.1314434, value: 4000},
{lat: 42.3439, lon:-71.0991, value: 4050},
{lat: 42.3439, lon:-71.0991, value: 4100},
{lat: 42.3556442, lon:-71.0629026, value: 4100},
{lat: 42.3311, lon:-71.1024, value: 4100},
{lat: 42.3442, lon:-71.1014, value: 4125},
{lat: 42.366177, lon:-71.0513126, value: 4200},
{lat: 42.3860471, lon:-71.1333561, value: 4200},
{lat: 42.3439, lon:-71.0991, value: 4225},
{lat: 42.3308, lon:-71.1216, value: 4275},
{lat: 42.3662, lon:-71.0516, value: 4300},
{lat: 42.3842479, lon:-71.1109763, value: 4325},
{lat: 42.3632942, lon:-71.0637762, value: 4400},
{lat: 42.3660557, lon:-71.0512806, value: 4450},
{lat: 42.3662, lon:-71.0516, value: 4450},
{lat: 42.3439, lon:-71.0991, value: 4500},
{lat: 42.3756, lon:-71.0638, value: 4500},
{lat: 42.3478447, lon:-71.1070457, value: 4500},
{lat: 42.3298, lon:-71.0991, value: 4500},
{lat: 42.3483, lon:-71.0805, value: 4575},
{lat: 42.3409611, lon:-71.1175348, value: 4600},
{lat: 42.357961, lon:-71.067499, value: 4650},
{lat: 42.3418, lon:-71.0869, value: 4700},
{lat: 42.3503, lon:-71.0822, value: 4800},
{lat: 42.3631343, lon:-71.1043045, value: 4800},
{lat: 42.3541364, lon:-71.1302242, value: 4800},
{lat: 42.3387, lon:-71.0798, value: 4900},
{lat: 42.3499, lon:-71.0938, value: 4950},
{lat: 42.3978495, lon:-71.126122, value: 5000},
{lat: 42.3452, lon:-71.0953, value: 5125},
{lat: 42.3340838, lon:-71.1048109, value: 5200},
{lat: 42.3695661, lon:-71.1118681, value: 5200},
{lat: 42.34459, lon:-71.13037, value: 5200},
{lat: 42.3697, lon:-71.0983, value: 5400},
{lat: 42.3506572, lon:-71.0574456, value: 5500},
{lat: 42.3637, lon:-71.0633, value: 5500},
{lat: 42.3634, lon:-71.1101, value: 5500},
{lat: 42.343, lon:-71.0877, value: 5500},
{lat: 42.3649, lon:-71.0832, value: 5825},
{lat: 42.3404445, lon:-71.1112112, value: 6000},
{lat: 42.3489013, lon:-71.0817939, value: 6000},
{lat: 42.3588479, lon:-71.0571242, value: 6000},
{lat: 42.346378, lon:-71.080312, value: 6000},
{lat: 42.397823, lon:-71.1257638, value: 6000},
{lat: 42.3439, lon:-71.0991, value: 6000},
{lat: 42.3772, lon:-71.0503, value: 6000},
{lat: 42.3624563, lon:-71.1074024, value: 6000}